,resid,consOR5A2,hOR5A2
0,1,141.31555081376268,128.8232065051853
1,2,79.76015021826937,102.78800026025333
2,3,96.69903156429112,73.67942497443944
3,4,,
4,5,38.94168001414491,61.22467738406884
5,6,134.4768787743752,127.276983429695
6,7,90.24172118810951,98.83337492649515
7,8,129.82016501617002,123.77850560499824
8,9,68.24989959167272,78.00188151996214
9,10,68.11736165973596,60.83785191311382
10,11,158.7184385811693,165.30942839850596
11,12,144.51414091648925,142.6982372807874
12,13,53.793070182508565,54.09715901754421
13,14,133.33370749918606,132.19050763184413
14,15,58.07379833475677,58.32985299547711
15,16,88.42473276341684,87.93540669870116
16,17,,
17,18,49.10697392967884,62.349619178043504
18,19,124.60050834693054,123.73099712214005
19,20,62.71108699003707,59.56984452393644
20,21,129.98377299481123,95.1399693835889
21,22,121.23011711878196,119.3462338335185
22,23,156.91069544890976,154.16986441937433
23,24,88.4521833865813,86.75894932096027
24,25,77.90547104338675,76.21104795216873
25,26,155.21453070220042,156.3754969744429
26,27,78.22072674506815,79.98357709582312
27,28,64.19903399185108,63.942456840933346
28,29,107.23456147192071,109.22040924569896
29,30,151.2195699254042,149.93730429390155
30,31,59.047725702384945,59.224137513555945
31,32,48.642920463457735,49.65954145036423
32,33,142.17906930885619,142.25969411267695
33,34,,
34,35,25.48817013482837,69.56711895860134
35,36,80.35335021327978,80.01286136212211
36,37,113.0619295450778,112.71310738723102
37,38,105.801821054763,97.08731279168408
38,39,27.684035017057635,27.754817034414124
39,40,65.71083523110728,64.9653698837596
40,41,115.17895001808489,114.641312147373
41,42,93.68442917722581,119.87412169596163
42,43,20.158305000097453,21.38521908058436
43,44,68.92068104841087,68.53102217667569
44,45,99.3691112320095,99.76385786551212
45,46,62.205056092999016,60.72391688492233
46,47,78.30735289331619,76.84158385575182
47,48,97.4077887474436,98.11096878581822
48,49,101.51480139835527,102.27503617470838
49,50,58.695738127918965,57.922240608588744
50,51,46.11833937699833,42.226383465445764
51,52,79.5197471734112,79.67335271109442
52,53,104.92186762292586,104.93290549776589
53,54,153.53876392214892,153.3992704648066
54,55,145.53822376472678,145.73667373950113
55,56,80.13682167198162,79.56618418810817
56,57,111.26763073284657,111.28409411843334
57,58,126.3480307007696,131.88631914888552
58,59,139.992293115661,139.24617125344676
59,60,86.88353423891067,87.38892484808042
60,61,123.43875211000267,126.3553025658989
61,62,77.11859872566521,76.2362016275341
62,63,101.80666823312536,103.26900058389323
63,64,106.61306065904039,107.39139374835337
64,65,145.31003002006653,144.18382414245815
65,66,114.16899664448023,112.42637778294697
66,67,74.49245801249597,74.9853427182809
67,68,164.24190695795133,166.4303329559642
68,69,85.98210689967652,85.53827315572063
69,70,49.63793274914349,88.90222278403748
70,71,106.41861978934355,109.14123814868309
71,72,129.68913148304767,128.58075881508634
72,73,94.05141161550172,94.09056745455
73,74,39.719318437511475,38.78682552913299
74,75,112.26481998933231,111.38026179109067
75,76,135.26920526746412,135.19495236168126
76,77,47.24498554392616,47.48227400724832
77,78,18.71179298340278,18.867607434448416
78,79,117.66699640488602,117.73202802950746
79,80,87.2207092881886,87.14755115363927
80,81,54.55017437985519,54.67579067643027
81,82,77.68968719992125,77.43195392963965
82,83,92.54712114617978,92.20699183544137
83,84,74.86278977342455,75.24685678247789
84,85,31.80687274258551,32.96092739727128
85,86,108.89371588457516,108.73202086180183
86,87,139.2637128625213,138.68822993321328
87,88,84.91553839018358,85.06420859023127
88,89,134.26501117520624,130.77789443035613
89,90,145.68500481252693,145.2905868950789
90,91,98.53188751817589,97.61624862597138
91,92,141.3944106863458,140.38421491989484
92,93,15.08519283736468,14.368106603231505
93,94,130.09247012491804,129.96663519837338
94,95,73.3245867060053,73.76846945612888
95,96,147.5294840049665,147.514944184313
96,97,,
97,98,85.64887330318473,85.91870783116035
98,99,132.9088606991307,132.22871527872312
99,100,143.71477403607824,143.54871680275045
100,101,66.51145940249909,66.91568339505274
101,102,37.49007023766001,36.43518215222054
102,103,154.4649925643858,152.94711105504598
103,104,137.78324667335775,138.2400874603702
104,105,51.63391358687231,54.52956575374254
105,106,57.50263406046379,56.74547190101304
106,107,,
107,108,105.28598122283,105.10687253024798
108,109,,
109,110,44.18968402760529,43.06927805718045
110,111,134.05661257474318,136.16298121499432
111,112,85.63073283430104,85.63989532854458
112,113,52.64709546944066,52.33559647096444
113,114,65.23553157810575,64.82431887961664
114,115,79.34700276718281,103.6332313526163
115,116,45.06351101565704,45.917183415128044
116,117,64.28184370702367,63.92625231897084
117,118,77.59944667111506,77.87343143029352
118,119,61.93538763136437,62.792285516614776
119,120,51.08979114478645,51.39305380949705
120,121,124.54327928536054,124.60358843745405
121,122,94.21884333196978,94.75110923486403
122,123,51.371140464721286,49.61821891411325
123,124,110.84639063923818,110.79607628906956
124,125,72.22014516276742,72.2617074660972
125,126,56.79730104508681,57.040537544516674
126,127,83.42997215475519,83.7654332491037
127,128,50.26672067408935,49.730365798397486
128,129,70.07411076726514,69.72347092944428
129,130,117.37744497115504,117.14468435669016
130,131,137.7990373152245,137.81663455517509
131,132,114.88243341664364,114.26185477446786
132,133,45.31607208770209,46.10318272234909
133,134,117.28222272950427,120.12667469256976
134,135,138.1994522616754,168.1144464297961
135,136,105.21809655223734,95.80598566226499
136,137,45.24189581964058,46.28038648530672
137,138,117.37836747853133,117.16503153188809
138,139,91.63128799898784,92.31954307864353
139,140,109.5357194242601,108.902414229811
140,141,81.15440630843348,80.68867561619206
141,142,110.88246090628431,112.28553425846833
142,143,134.5750928641394,133.18821151846845
143,144,148.66648082077663,147.9246644005776
144,145,120.66334567891455,119.26975383961135
145,146,110.55820765038658,110.05953648985849
146,147,152.56255609264252,145.9848804398749
147,148,,
148,149,98.43362551796824,97.86936723635897
149,150,94.70182191183702,96.21494801484147
150,151,160.62614810418887,161.2744588473705
151,152,,
152,153,,
153,154,84.09706888828835,84.85075590529668
154,155,132.60919425892513,131.49622703060106
155,156,82.38361779429934,82.19878924775476
156,157,88.91816754490449,90.30065507359329
157,158,155.52785601348342,136.89754750503346
158,159,101.44053528940971,100.59880718441478
159,160,65.83335346553163,66.2732085412207
160,161,102.04916646888779,103.15380814613269
161,162,156.9992165960646,157.3388874251167
162,163,74.76861739370028,73.23654145407166
163,164,27.246780097214963,23.28442454818762
164,165,41.15982154280556,42.898224695276774
165,166,83.151659268609,82.16785781045638
166,167,49.943269835430094,50.017657072547514
167,168,155.20599505934467,158.08179403886984
168,169,24.48166324085328,27.346026371623157
169,170,115.07767953662123,107.1047149877811
170,171,,
171,172,72.99326046770581,74.96762352147613
172,173,127.05954058822854,124.41772810364789
173,174,162.43065614378844,162.10787518219607
174,175,27.44851205406539,26.926575092322416
175,176,122.32357739327614,121.35321734078458
176,177,27.21698446347143,28.515910251023094
177,178,67.18487545243856,67.99054032096578
178,179,39.06762609795442,40.8715576019651
179,180,115.0691121387326,116.2945950028013
180,181,57.74582402721829,57.682226917876285
181,182,92.1190119813497,89.31588145105901
182,183,60.93120993242086,60.167428849299846
183,184,66.2081808738515,65.52336438608592
184,185,66.11232328172214,68.46006793440579
185,186,56.90862721361489,58.76835459804275
186,187,78.3789618922366,77.43948164113327
187,188,69.0559011868513,72.7314708125365
188,189,57.76017654340151,61.60080210796304
189,190,140.43733474847525,132.84778462674817
190,191,81.8698352756659,82.27354547950317
191,192,104.99334161848994,106.07699956519274
192,193,61.48970122448434,60.65726818255294
193,194,125.22440071087172,126.3667429147946
194,195,110.80386188972948,109.3338268823319
195,196,57.40407358685775,56.36283323542071
196,197,82.64136976141779,83.87861565647714
197,198,140.9216164057326,141.53916836365727
198,199,116.32124467152195,115.07591639697931
199,200,23.40668536102543,29.164154802206074
200,201,135.9700681793862,138.35566291948183
201,202,131.8912289889494,130.64939566736393
202,203,79.66117870582941,77.75509752096114
203,204,,48.51903388581081
204,205,91.31418966647293,92.08352549978785
205,206,104.29559053889385,103.51004118413803
206,207,60.569646861584715,61.786947969644665
207,208,,
208,209,132.74145787874753,128.39144744185904
209,210,91.87561824151322,91.14465644953762
210,211,34.123803958652886,38.01804175375357
211,212,34.75274196624947,34.463778748139724
212,213,82.27510917887575,80.51371859995716
213,214,78.34109086770583,77.51329676051265
214,215,67.7262949596399,35.06873432591658
215,216,48.60906021522875,47.615600312946796
216,217,118.31817281884463,117.5319319650084
217,218,51.91882633489723,52.52859734628237
218,219,60.58142666738491,61.73302787448071
219,220,,
220,221,94.44459987707839,93.20813153291341
221,222,67.88006516007997,68.82254281815015
222,223,36.39413871746849,36.33437464888114
223,224,84.76644998574552,83.76901777376
224,225,61.507486417258825,61.79550913169667
225,226,34.60940783574842,34.21253302852693
226,227,53.67507526304871,52.921631092105436
227,228,82.07148129199898,81.49326197035957
228,229,77.16275624107374,76.94085487462081
229,230,151.483994334599,149.3127237905922
230,231,91.38264418943365,89.88128296699215
231,232,125.86999773817136,126.93730268584576
232,233,100.94813523423996,97.9413027757334
233,234,,
234,235,106.59215804425926,109.75864683452696
235,236,98.08617034251472,98.14877777352866
236,237,91.6284885718359,91.96726967426503
237,238,115.55669276193913,116.28898123651334
238,239,111.05979425376461,112.5164968924752
239,240,130.1447484296593,129.49248892614145
240,241,131.05907356162277,131.40911647342335
241,242,127.46856297990493,128.85798649009922
242,243,136.1540087557411,135.5421702976963
243,244,114.97455894059937,120.39060405925146
244,245,82.50792925472315,81.35512087201924
245,246,133.38687980533996,133.0070306545006
246,247,96.85270206258012,96.76660269863555
247,248,106.42976014102967,107.75262270326103
248,249,123.25594251806913,124.41817443210843
249,250,115.69537851633615,114.65359359323153
250,251,135.86245839997008,135.91798873330507
251,252,53.50807747564789,53.90758173060036
252,253,99.56878440541531,104.35831858236261
253,254,,
254,255,89.20120348079367,90.60646731856863
255,256,,
256,257,137.24020228204736,118.93577935749609
257,258,99.2603945643326,100.91308588361248
258,259,31.15590420667825,32.48860157355072
259,260,30.202304707937643,31.715764774332236
260,261,100.39474890456735,106.42340989102995
261,262,56.12664995901798,55.964836395136864
262,263,150.23682003791586,145.56104300658953
263,264,88.52631389404816,87.55283669706016
264,265,148.89112166885732,146.56154491721657
265,266,97.30010581153672,95.9369630723883
266,267,36.007861360450164,32.79126030036343
267,268,143.97677645730695,142.2631307814497
268,269,81.58216854581273,84.45984637768879
269,270,135.80173791287163,138.27088597169634
270,271,100.16576411508782,98.55882060958194
271,272,75.17010638081402,74.51595749380222
272,273,93.58349323488515,93.99656860725564
273,274,138.73135203100225,139.40408545517468
274,275,103.38132292623102,101.88706595904702
275,276,44.99905427196397,49.62315970742898
276,277,169.2417522261537,168.535622185563
277,278,130.94069325206698,133.85619990660652
278,279,15.805348752717785,12.054558534596353
279,280,49.99441799198836,52.65819877351413
280,281,69.78272169909916,70.9451017184747
281,282,91.25335129402326,90.84884639413852
282,283,71.32829470175247,71.39614608321791
283,284,15.172085901170728,18.286845099051614
284,285,117.66767965652556,79.13722415331294
285,286,53.82094150178075,77.93231789058459
286,287,29.353081004262407,31.102846565883397
287,288,57.75720163742964,54.31387866019711
288,289,102.65613008122595,102.32306644274624
289,290,61.31485381036539,64.33631726615762
290,291,38.97779873865533,40.006898878895704
291,292,82.98446135129251,78.045940167404
292,293,67.8991338522826,80.18145317121477
293,294,57.15656545834227,60.51775682313164
294,295,80.63834664583344,80.57542754411712
295,296,120.07831373152787,118.63627152400747
296,297,102.38866670266053,102.90398002719972
297,298,34.99545563594894,31.915345760119603
298,299,71.29166476607774,70.7247308410751
299,300,117.20629384540467,117.58008396779975
300,301,43.748513394602355,46.20539989480565
301,302,19.114726134017456,17.399565795274565
302,303,121.97000794950097,113.9869257665778
303,304,105.86034010877947,106.08436823617998
304,305,6.327132429284476,9.139113759664117
305,306,41.89566427079401,41.787302238712016
306,307,100.50754612783015,99.57738535132017
307,308,84.42146767487849,85.88146455851857
308,309,53.90444843717201,49.496774139246746
309,310,91.33660643086628,130.15596187291686
310,311,,
311,312,10.668819165147271,42.907058979792275
312,313,101.16606140436598,145.26085637353373
313,314,115.92353198619753,166.416469480109
314,315,,
315,316,,
316,317,125.80940396772839,151.3888405269534
317,318,77.27463060901627,128.40223543242797
318,319,68.01635480044793,20.232852085095136
319,320,,52.02806235403786
320,321,,135.18543962328096
321,322,,116.47735509777982
322,323,,39.7393224709935
323,324,,
