,consOR5A2,resid,aa
0,0.5161783234806566,25,K
1,0.4079887177756627,26,I
2,0.3972859676651168,27,F
3,0.40832934845134367,28,L
4,0.3033929271357766,29,F
5,0.25387515551981804,30,X
6,0.3137396512796656,31,L
7,0.278102873932032,32,F
8,0.19837168737281732,33,L
9,0.34276861885966686,34,G
10,0.27840776078903645,35,X
11,0.19530829260760252,36,Y
12,0.19314018798206853,37,L
13,0.25340352016247236,38,L
14,0.29077227459600297,39,T
15,0.25686417239504983,40,L
16,0.36786750676522945,41,A
17,0.3861104823647412,42,W
18,0.22054565763825493,43,N
19,0.24626899008047715,44,L
20,0.302293479369084,45,S
21,0.25367031371191234,46,L
22,0.2905139078290068,47,I
23,0.31935230809492493,48,A
24,0.32523018927541375,49,L
25,0.25573134507995393,50,I
26,0.3303843168657299,51,X
27,0.3679913630450888,52,M
28,0.29821254379236095,53,D
29,0.26501219053340813,54,S
30,0.23411125729810536,55,H
31,0.22397281110592435,56,L
32,0.2670705521890581,57,H
33,0.17526366387786763,58,X
34,0.08843738710855022,59,P
35,0.05905365806139947,60,M
36,0.07567256147496315,61,Y
37,0.0645793271500715,62,F
38,0.023070854525717287,63,F
39,0.04189946916032142,64,L
40,0.028640639843032244,65,S
41,0.06437839488437523,66,N
42,0.08424130560307008,67,L
43,0.05754410298051646,68,S
44,0.11687670943005754,69,F
45,0.18122894859705443,70,L
46,0.15095999786556547,71,D
47,0.07935875718127498,72,I
48,0.062337570726944604,73,C
49,0.10704859413806857,74,Y
50,0.11835441325942772,75,V
51,0.13793517366281874,76,S
52,0.1280331279975069,77,S
53,0.08388704238250085,78,T
54,0.10133842979152165,79,A
55,0.12206098353223775,80,P
56,0.10906474825151186,81,K
57,0.08313892620568036,82,M
58,0.148257915624547,83,L
59,0.1750433207010746,84,S
60,0.1273222450419829,85,D
61,0.11936798721366189,86,I
62,0.1797343536267513,87,I
63,0.2165162351759769,88,T
64,0.24448555580286355,89,E
65,0.2260865605435247,90,Q
66,0.21020201818757736,91,K
67,0.12984669104218807,92,T
68,0.13545618917993052,93,I
69,0.18186340439675366,94,S
70,0.22262171537352105,95,F
71,0.24340498564587434,96,V
72,0.1804931250100882,97,G
73,0.15774810968816522,98,C
74,0.15188638194785054,99,A
75,0.14095629698446274,100,T
76,0.11855475264150657,101,Q
77,0.11263655073768317,102,Y
78,0.0935172767863981,103,F
79,0.08393603124770845,104,V
80,0.09744982086943872,105,F
81,0.0981797463981696,106,C
82,0.07837298231291477,107,G
83,0.23585703387620555,108,M
84,0.20720193632191777,109,G
85,0.11305055285526858,110,L
86,0.1035126680471312,111,T
87,0.1541771446821115,112,E
88,0.14451485706567999,113,C
89,0.05777592356729192,114,F
90,0.07067095557447212,115,L
91,0.06592729721716596,116,L
92,0.07150956752875501,117,A
93,0.05043012062681285,118,A
94,0.05553956517630064,119,M
95,0.05901459199417386,120,A
96,0.06604652670731993,121,Y
97,0.0541143082469784,122,D
98,0.06102902761688897,123,R
99,0.09362990486586123,124,Y
100,0.093128935069972,125,A
101,0.07771144298989545,126,A
102,0.09324664822035028,127,I
103,0.14168906295761377,128,C
104,0.14102910539524002,129,N
105,0.1322378817686958,130,P
106,0.14152179032414397,131,L
107,0.08668262994630226,132,L
108,0.08351442455061794,133,Y
109,0.07693182559615123,134,T
110,0.20539499952857265,135,X
111,0.16337187931960037,136,L
112,0.09830592186069416,137,I
113,0.12591672186773004,138,S
114,0.15107907765765424,139,H
115,0.19115437678721395,140,T
116,0.15888634039853516,141,L
117,0.12042740945968498,142,C
118,0.14430830819672824,143,L
119,0.11360325121346616,144,K
120,0.07622128374241412,145,M
121,0.051021519739064075,146,V
122,0.03356185288950515,147,X
123,0.04527318380835,148,G
124,0.05605166139409675,149,A
125,0.04724040525726288,150,Y
126,0.04199738320211713,151,V
127,0.039584216868866706,152,G
128,0.03823239667277156,153,G
129,0.035606300400314574,154,F
130,0.05344441360333797,155,L
131,0.0833283619757926,156,S
132,0.08237362249855408,157,S
133,0.09632153598402748,158,X
134,0.13316645956422743,159,I
135,0.16901371374218857,160,E
136,0.14381515125119484,161,T
137,0.13012611180227956,162,Y
138,0.2750546227882792,163,S
139,0.16410274621038112,164,V
140,0.11491873431758587,165,Y
141,0.16753349875848803,166,Q
142,0.18575563544293103,167,H
143,0.21049886996354109,168,D
144,0.397664609224596,169,F
145,1.7122055597908532,170,C
146,1.7937267833956299,171,G
147,0.8427192001051395,172,P
148,0.31628338162982195,173,X
149,0.18716316640346514,174,M
150,0.1425203343649475,175,I
151,0.12585064732856904,176,N
152,0.11524562574844517,177,H
153,0.0804618373633568,178,F
154,0.060680970279133356,179,F
155,0.17624272101102537,180,C
156,0.19469124157304513,181,D
157,0.24294515481887752,182,L
158,0.2495333846001528,183,P
159,0.2485108490392937,184,P
160,0.16639428135728335,185,V
161,0.19437253500501006,186,L
162,0.27875857310157665,187,A
163,0.27622788995264463,188,L
164,0.2869845907117325,189,S
165,0.25136903050668835,190,C
166,0.28653089644441887,191,S
167,0.31703260166836783,192,D
168,0.21967115459115635,193,T
169,0.20492512653733783,194,F
170,0.18770572136380492,195,T
171,0.2461751910794112,196,S
172,0.24224416361436713,197,X
173,0.16440368796414573,198,V
174,0.19869329460319593,199,V
175,0.2147095557499562,200,T
176,0.15902850327755635,201,F
177,0.13722714566957211,202,I
178,0.12153475170830805,203,V
179,0.13927706783520802,204,X
180,0.15400011452795978,205,V
181,0.1585258313550052,206,V
182,0.1538658805839591,207,V
183,0.3670769007405868,208,G
184,0.572960843751994,209,I
185,0.4702813672749201,210,V
186,0.22292768596249066,211,S
187,0.3547773112507033,212,V
188,0.4107518022729004,213,L
189,0.3020454381164173,214,V
190,0.2546465143829407,215,X
191,0.33109355209727015,216,L
192,0.30858710604279793,217,I
193,0.1852141430552872,218,S
194,0.18848353888885416,219,Y
195,0.23753748461144625,220,G
196,0.20081263010466682,221,Y
197,0.1382873054536939,222,I
198,0.1883550281009728,223,V
199,0.18517486012038395,224,A
200,0.15863536297163988,225,A
201,0.14956079480191428,226,V
202,0.29491611210206325,227,X
203,0.18637707534928127,228,K
204,0.13828499463611357,229,I
205,0.1688240647889698,230,S
206,0.12884665627925257,231,S
207,0.15516672215803154,232,A
208,0.26028097318408694,233,X
209,0.18707310638304378,234,G
210,0.15190524463253052,235,R
211,0.2556430925923887,236,T
212,0.2757091968778,237,K
213,0.17524882083973511,238,A
214,0.23505178488145875,239,F
215,0.37591333743351857,240,S
216,0.27493074184458166,241,T
217,0.1494311135360364,242,C
218,0.2550336523409131,243,A
219,0.2747580735969786,244,S
220,0.14941519627171446,245,H
221,0.1338723204956876,246,L
222,0.18296338134623216,247,T
223,0.10372813389896773,248,A
224,0.08563566739860869,249,V
225,0.2004164973988884,250,T
226,0.16046143711446353,251,L
227,0.1157452676962904,252,F
228,0.30421669848757865,253,Y
229,0.38866950356106444,254,G
230,0.29016370423424476,255,S
231,0.35519571009889833,256,G
232,0.5709180445511179,257,X
233,0.5301474935315641,258,F
234,0.5061606026453586,259,M
235,0.6206803896590093,260,Y
236,0.6417716264721695,261,M
237,0.8246488857327828,262,R
238,1.0170889419446854,263,P
239,0.8968609574267807,264,S
240,1.007520070746799,265,S
241,0.8341381044020397,266,S
242,0.5922361948210241,267,Y
243,0.44642593195313685,268,S
244,0.29705975098589765,269,L
245,0.4476626056499126,270,N
246,0.46493444115057214,271,R
247,0.2681372669799721,272,D
248,0.26742098087386235,273,K
249,0.39071935677884845,274,V
250,0.34144681568654145,275,V
251,0.21782476761277994,276,S
252,0.3146842354655103,277,I
253,0.3410443314077883,278,F
254,0.2484017162827666,279,Y
255,0.24098295090361888,280,A
256,0.35975198940285336,281,L
257,0.2788537499457409,282,V
258,0.15539322763867958,283,I
259,0.2037134919347466,284,P
260,0.5224814114707407,285,X
261,0.556473140556998,286,V
262,0.5150271880640868,287,N
263,0.48054124722925706,288,P
264,0.2857097198965776,289,I
265,0.1333455587742097,290,I
266,0.16765406855854612,291,Y
267,0.3312151728941342,292,S
268,0.4080755490472526,293,X
269,0.3710901038278631,294,R
270,0.32811294439470623,295,N
271,0.2591660130260512,296,K
272,0.2038979457138359,297,E
273,0.27475937434515046,298,I
274,0.33431634474833943,299,K
275,0.2566547445200625,300,N
276,0.26512774975823694,301,A
277,0.39408607720566025,302,M
278,0.36114957324388236,303,R
279,0.24568704894181914,304,K
280,0.316419765168371,305,A
281,0.32202500372048615,306,X
282,0.3938863056440978,307,E
283,0.39697516267169036,308,R
284,0.9241270271445177,309,D
285,1.7453637857621902,310,P
