,alphafold,pontcy,resid,aa
0,2.6353043982782642,13.612969656845529,11,A
1,1.2775424841242453,8.50445794881782,12,T
2,1.2835462776504478,8.486970337147927,13,F
3,2.7113620621029297,5.405822789962963,14,L
4,1.5873875680485132,10.92373873615488,15,L
5,1.7457387786409773,14.499864727808971,16,T
6,1.7630577004608654,13.495406936521102,17,G
7,1.8249475798729766,15.527061478917327,18,I
8,3.624379886235248,12.028464361383733,19,P
9,4.670653798755528,10.57894258151816,20,G
10,4.5357547960814415,10.971340402399344,21,L
11,4.497450084752703,10.324038343738835,22,E
12,4.284869148969125,10.121440121873148,23,A
13,3.8881974367719527,8.137045287601573,24,A
14,5.735374648039783,7.056354042082221,25,H
15,6.272366220681384,8.591202785373333,26,I
16,5.721605653474209,7.990682220125066,27,W
17,2.328031878435068,7.662042977194936,28,I
18,2.4709117752823744,7.495720746057528,29,S
19,2.5519527974647085,7.25662146356911,30,I
20,1.877371754865253,6.450791014321672,31,P
21,2.201166411543154,5.978115334198819,32,F
22,1.8587318806776323,4.65617368085671,33,C
23,1.9123911251466903,7.724293809528267,34,F
24,1.9966551016069576,4.840907879335069,35,M
25,1.9483766725396139,4.611911217769106,36,Y
26,1.521866963770194,2.8579717665734794,37,L
27,1.3684225537594417,3.022773428379178,38,I
28,1.0981523512193787,1.734229078248633,39,A
29,0.7728898462905814,0.7724735135039436,40,I
30,0.9914632154078603,3.137805531656521,41,L
31,1.3091060352641142,1.549727242675725,42,G
32,1.085922416573698,1.9396849870104904,43,N
33,1.0903478527377184,1.2050295367521215,44,G
34,1.5698208399330522,2.484502718850078,45,T
35,1.360596841763757,2.1957195298079535,46,I
36,1.0697949777736162,1.689927755510594,47,L
37,2.5656212431099976,3.8260338039013626,48,F
38,2.668982165132987,2.9723016816902716,49,I
39,1.4317117214875412,2.1384481491292093,50,I
40,3.512990639200625,3.3114664371934106,51,R
41,3.172082157811408,4.186172008625238,52,T
42,3.7400939209175226,4.942646613194914,53,E
43,3.58362821734247,5.059758807350634,54,P
44,4.167029405870113,4.797697477355453,55,S
45,2.9190559592595093,3.6650895143354125,56,L
46,2.437690226549045,4.399403246381366,57,H
47,2.8446981789738826,4.672848704830956,58,E
48,1.9757817742439214,2.9640265848743548,59,P
49,2.7236832827357973,3.3975495478120608,60,M
50,2.536339356116876,2.2324611858352443,61,Y
51,1.76466543573601,2.5380213771976456,62,Y
52,1.2959306731952243,1.4238720046216298,63,F
53,2.355545601718835,2.592630793755138,64,L
54,1.0512576171391448,1.3552055352295946,65,S
55,1.3050656084045817,0.6344039538738901,66,M
56,1.427206066508751,1.3535431016737898,67,L
57,1.0364611390761498,0.48505248938915063,68,A
58,0.7502076182107356,0.5379601257117782,69,A
59,0.8759089822245129,1.5076506256052455,70,T
60,0.9466406435164507,2.099158677927887,71,D
61,1.5011580712188073,1.1857798240378357,72,L
62,0.8939488993298165,0.9417249081685296,73,G
63,0.8461391154867886,2.045704607170626,74,L
64,0.9247934621524649,1.928303292701573,75,S
65,1.381461837965707,1.8531666181470634,76,L
66,1.0939240625527524,2.9852849118341576,77,S
67,1.8330088140173806,3.4575060277999126,78,T
68,1.1165865647750906,3.8581239080093215,79,L
69,0.8156660618344077,1.8516795918142193,80,P
70,1.0144381834174179,4.047665725539122,81,T
71,0.9935434554260684,4.173530173765773,82,V
72,1.345163389069664,3.785440555535237,83,L
73,1.2956513623064017,4.634517072560591,84,G
74,1.5429864077402058,6.983144690908402,85,I
75,1.677840562747937,6.69724202077942,86,F
76,2.601027655941465,7.942181779588143,87,W
77,1.9263734106225248,7.111746938826109,88,F
78,3.3940718331701722,8.870461140404148,89,N
79,1.6661194479018746,6.984210943537806,90,A
80,2.0807118775510016,10.280847082785202,91,R
81,1.589153887978278,5.975108088548293,92,E
82,1.4490262088264823,5.344930885549081,93,I
83,1.8635313144702086,2.7656489547231122,94,S
84,1.9517205236655624,2.9379542031008326,95,F
85,1.7820372619490052,2.992542120360498,96,N
86,1.178532970317361,1.8645101535663213,97,A
87,0.787641644863819,1.993265433382029,98,C
88,1.1107189992775677,6.267887415304779,99,F
89,0.9271671333811029,2.9964275716972124,100,A
90,0.6407049018957957,3.2145220527196905,101,Q
91,1.2650517299543227,3.334659617530503,102,M
92,1.5771103880211526,2.461021154527783,103,F
93,0.6885951089536668,2.2895810787596207,104,F
94,0.35259874058387164,2.175482373165369,105,I
95,0.7518013956707558,2.9894932146016044,106,H
96,0.4201520382997898,2.0592900370880733,107,G
97,0.2598039356395635,2.0460532036916166,108,F
98,0.5223468900781968,2.3422442506042445,109,S
99,1.4238603645329404,2.4824003938923442,110,F
100,0.7607340052213678,1.6538935023087273,111,M
101,1.3700581367457503,2.7035235049025417,112,E
102,0.8441652312943537,1.2345860517776182,113,S
103,0.8252197674139696,1.0872548122286512,114,S
104,0.8474007700333545,1.826866241983595,115,V
105,0.9243677025573039,2.5438599465919522,116,L
106,0.7418407992729891,1.901097484475796,117,L
107,0.9854675008532003,1.0648154938197065,118,A
108,1.430525820043444,3.119786065829152,119,M
109,0.9787513571359319,1.5609000395951402,120,A
110,1.7387500082076899,3.744360472867229,121,F
111,2.0777242171545045,1.1903974532916062,122,D
112,1.9446203481668705,2.333010601516488,123,R
113,1.568290095647023,1.7413674088305593,124,F
114,1.1566390845720118,1.5421970129051086,125,V
115,1.5965800640047838,1.4829795242645012,126,A
116,1.5218672434711231,2.9704486662375293,127,I
117,0.8079448223723691,2.483849999523936,128,C
118,0.9876841960812156,2.8480039906270553,129,N
119,1.5118609531136182,0.6172077626620142,130,P
120,2.091201962330689,1.8078210379276352,131,L
121,1.9450070134398796,2.9085026065026853,132,R
122,2.433299209212004,1.3145483031914404,133,Y
123,2.1284354575518423,2.2949211285322524,134,A
124,2.1964064217302015,2.6821940339638193,135,S
125,1.8756104731494414,2.394665310430696,136,I
126,2.2661796148882383,2.15176521027263,137,L
127,2.7438061168593233,2.862637610262333,138,T
128,2.61038493049525,3.436734138369763,139,N
129,2.7868711223945213,3.8079894208112837,140,T
130,1.9039715200452676,2.3157284540419143,141,R
131,2.129029148108426,2.3463878040759165,142,V
132,2.167475432417509,2.5037199078527355,143,A
133,1.9072117777145265,2.71091953324568,144,K
134,1.2543338129369406,2.0836270169728803,145,I
135,1.5479324491363164,2.07301639964243,146,G
136,1.5648349056846351,2.021701280474363,147,L
137,0.9984831078939905,1.6594605028300746,148,A
138,1.05737347761959,1.6266774663190136,149,I
139,1.1926096941445221,1.8105635959806674,150,L
140,1.7764934333002806,1.6953029911121373,151,T
141,0.6937885865436948,2.1251682649601307,152,R
142,0.6402264976700398,1.4351779383004721,153,S
143,1.0947711291224085,1.4686885204130484,154,F
144,1.5077238559898958,3.3210023607059624,155,L
145,0.7821659397241357,2.6638381843292183,156,L
146,1.6721430247469762,2.8355100436756615,157,I
147,1.167618958582151,2.346831042534362,158,L
148,1.0902144070402526,2.1967955977126836,159,P
149,0.8541674896286298,4.203433811718322,160,L
150,0.8587347577202966,2.2124030096470815,161,P
151,2.9050845518367843,3.8188242503410854,162,F
152,1.039964964662578,2.9201830992959303,163,L
153,0.8261737568252726,6.663991721000517,164,L
154,1.4956051149517213,10.67215572918416,165,K
155,2.903170194525602,10.645364067370311,166,R
156,1.7064085919130267,7.319439649421373,167,L
157,1.4696923189459994,6.92617291871191,168,P
158,1.6912216984979904,5.517902381286115,169,Y
159,1.1461037938073282,9.832926867866265,170,C
160,2.4874659955650595,7.8960924189619455,171,H
161,2.094242743476482,7.465581857418789,172,S
162,0.9693644954928966,10.565279081357577,173,N
163,1.5080111625395,9.223861632428497,174,V
164,0.8411110600635212,8.269719607007245,175,L
165,0.6010056412947864,8.329417236767975,176,S
166,0.8958035040073004,5.834269198895022,177,H
167,1.0314935355869495,7.043715798910682,178,S
168,0.4994377391804285,4.9397206876168225,179,Y
169,0.4232725189580372,3.5323566846319063,180,C
170,0.6924100884846633,1.6349098057840987,181,L
171,0.5681234006374309,6.052936155932439,182,H
172,2.332074431800453,2.056586874431177,183,Q
173,0.921010370163838,6.1320057324646795,184,D
174,0.5293388421728108,6.255317059447272,185,V
175,1.5744963682456352,4.65786583545134,186,M
176,1.771669138708254,8.59938554480682,187,K
177,0.8299260621743924,9.989955443375905,188,L
178,1.9458100812211214,13.488746556400587,189,A
179,1.0748482795726169,14.21938509187456,190,C
180,1.168192812739184,12.929636488957714,191,A
181,2.5926752866610783,14.113111131173502,192,D
182,0.8407453697166507,7.069659989462505,193,I
183,1.953145207710249,10.09828047508875,194,R
184,1.6318219752558398,7.265552133752623,195,F
185,0.9962402716083424,4.823809115123927,196,N
186,1.4380331949566838,1.4281236859801616,197,S
187,2.1297832033321282,3.399330432426821,198,I
188,2.057870220022681,4.592259479521137,199,Y
189,1.0113325463890757,2.8013653588590137,200,G
190,1.8627813219516123,2.686840067505565,201,L
191,3.609710109701497,5.551364958872696,202,F
192,2.002676817513434,4.277649113049464,203,V
193,0.863033516111021,3.1236784025407585,204,V
194,2.816651491330555,3.539928258280053,205,L
195,3.5705607501820533,3.4937716215184973,206,S
196,2.7935660636173747,4.77473800150106,207,T
197,1.6087763732682683,3.209429947513132,208,M
198,1.2255958240209273,1.4108409182395834,209,G
199,2.3988711504042097,2.021375274823485,210,L
200,1.9800340444794289,2.262492693344748,211,D
201,1.2669977005748052,2.090210739301574,212,S
202,1.8577475421260654,3.710280827539381,213,L
203,1.4968540637412546,2.4653162662966492,214,L
204,1.1002070376485378,2.2106250425955443,215,I
205,3.2289382592692286,5.054264867191567,216,L
206,2.746983524864787,3.983157731089393,217,F
207,1.4563261933127016,2.666139408234198,218,S
208,1.890615705872801,4.665252463859251,219,Y
209,3.088404956962408,4.377672648468433,220,I
210,2.4581089678523074,3.56658831343963,221,L
211,1.7573372554953977,3.358879244974298,222,I
212,3.0040091228485464,4.187313949918791,223,L
213,2.9252338276642376,3.440830608111907,224,K
214,1.93611660314334,2.2066125949589845,225,T
215,2.3070733661915925,3.6267756299564846,226,V
216,2.7350203268453335,4.167872775785414,227,L
217,3.647678774552148,9.63505593354892,228,G
218,3.2494300583535423,8.652659198809376,229,I
219,5.653744929080754,6.943915435662658,230,A
220,4.80851094949325,6.930620920710779,231,S
221,4.9020574873328,11.67982847008601,232,R
222,5.7293013751069335,12.351791650838758,233,E
223,6.296711545424493,8.759487795958723,234,E
224,6.3762337623761,15.720375878499974,235,R
225,5.131153339851004,11.628679581201459,236,L
226,6.62265258979358,7.311730648173891,237,K
227,5.377475928037383,8.794594970971785,238,A
228,5.3162576231690775,9.908173357007714,239,L
229,6.439431315856125,6.743535927799105,240,N
230,6.057906678438192,5.3316312407528965,241,T
231,4.369691044695052,6.90941253941466,242,C
232,5.2843997915114125,6.410409937377635,243,V
233,5.434343919823507,3.038663452995835,244,S
234,4.900540456292544,5.5282799414345645,245,H
235,2.9557321489588,4.830984789124599,246,I
236,3.98201836603439,3.5236231144804564,247,C
237,2.692555290196978,1.3955274806805256,248,A
238,1.2264407430826576,3.4624737923269935,249,V
239,3.147924518892547,2.540528312499898,250,L
240,3.1266914596745927,2.2098677880261555,251,V
241,1.7579274629717219,6.264199714995468,252,F
242,1.4875033441711845,5.146173904403591,253,Y
243,3.5138808843820346,2.034422752068872,254,V
244,2.590378946256093,3.0124667729601025,255,P
245,3.051372883074169,4.905737836776665,256,M
246,4.467807893766401,3.2372328744754997,257,I
247,4.004956524042522,2.365028600508906,258,G
248,2.668406880564453,5.267881718962285,259,L
249,4.358424336859943,3.901044544687999,260,S
250,6.022787434708826,2.442336238628325,261,L
251,4.3409652101713325,3.1479599579714392,262,V
252,3.1403766241673914,5.240170873196852,263,H
253,7.011960963110917,2.1153305836298255,264,R
254,6.397337881789554,2.0995036849171522,265,F
255,4.12331426585426,3.611852613805043,266,G
256,3.2401551138780547,6.480206272841856,267,K
257,4.084812255554585,6.980662531559648,268,H
258,3.5494097067222206,5.835347067705844,269,V
259,3.0079836055648435,7.527486254327999,270,P
260,2.014474155005427,4.866998071256824,271,P
261,3.509615482584239,4.735291117552612,272,V
262,3.242459376283438,7.412462291500095,273,V
263,1.5259336459398176,6.134745849224406,274,H
264,2.0022210967351093,3.770290567560576,275,V
265,2.5684969758553193,6.4925341527410945,276,L
266,2.83309506157761,7.058509044166035,277,M
267,0.631904882488459,3.449281317047609,278,A
268,1.3575662661766195,4.271826413302153,279,N
269,1.3773723820194435,5.558827262737578,280,V
270,2.207874694975943,7.38722528892125,281,Y
271,0.600301717649667,3.585461927576025,282,L
272,1.355480062330183,3.0677714785884054,283,L
273,0.6353530677555101,1.7399864300756926,284,V
274,0.5193250688483546,1.4057283810844905,285,P
275,0.618515041902186,1.686252041108381,286,P
276,1.3509444374995037,1.630096800868849,287,V
277,2.6460005484485802,1.792675307242737,288,M
278,1.4080068465959303,1.3765602661308602,289,N
279,1.9187492504139447,1.2741681996769563,290,P
280,2.387100885361797,2.8285101274468554,291,I
281,1.953692467027133,1.7325854617653738,292,I
282,3.227607975719669,5.226812997660647,293,Y
283,5.868471906639586,5.389328383057163,294,S
284,5.6154564744581945,5.410482483376903,295,V
285,3.2064706579029125,3.8978329382783437,296,K
286,2.246164311859183,2.8032211145961345,297,T
287,3.9412639581180615,3.541418784014212,298,K
288,2.8402741119825787,3.235153841648073,299,Q
289,2.3981993422533665,2.850965535919376,300,I
290,3.072875899495764,2.7440204715298018,301,R
291,2.7999115289069474,5.117792551529813,302,K
292,2.725038032796131,3.6613674701043926,303,R
293,2.5077671736515366,2.022332364242827,304,I
294,2.878947336051238,2.771020775518482,305,L
295,2.746113310082988,2.924561541505337,306,R
296,2.3414317275743737,2.4140703189669765,307,L
297,3.147250144934804,4.6715017340623515,308,F
298,2.7253786353081524,3.858530416859316,309,S
299,3.32217616310457,4.127778454054442,310,L
