,resid,alphafold_angle_tocryoEM,alphafold_distance_tocryoEM,homology_angle_tocryoEM,homology_distance_tocryoEM
92,93,0.014004085236223318,0.0036074758649711214,3.5778408525733454,0.4212431267538186
93,94,1.6680565100423053,0.08540365581308862,4.191370359309786,0.21646569299416996
94,95,1.7149489147522559,0.12684460512766194,4.659636244863563,0.34541187317069344
95,96,1.1288461022642764,0.04895853697116337,0.9605178183838632,0.03855898099483568
96,97,1.2509319491216786,0.053421376867724746,5.57050844175145,0.23866097647487372
97,98,2.1498268196478314,0.043398847853055145,1.8381168625502013,0.03702540887804595
98,99,0.5814004609998165,0.06403082362389156,4.0348773386975125,0.3486620238369156
99,100,2.4402629038037276,0.15009711594190023,5.324344810651425,0.3448854521164506
100,101,0.5348394721671994,0.022780456366200852,6.569445263317881,0.3604673637230018
101,102,2.279058496199358,0.07151325595074365,10.364556580136306,0.33751171188878004
102,103,1.1594678397404437,0.055975010205509435,2.3515754922059955,0.08981592406923689
103,104,2.7220867793847106,0.0284354795858075,7.5739728074244965,0.09802302364278859
104,105,3.2969594718016495,0.1868291240114166,8.30652345069646,0.5852294549796877
105,106,3.3087041641202646,0.11505509715885864,10.651610360171858,0.32285194342144674
106,107,2.75435633189754,0.09494111191002652,5.171025125641833,0.1992647085377346
107,108,1.1991418682409858,0.036808061705821515,5.5274373157285766,0.21396400126479342
108,109,1.837985692726491,0.06289961326996263,6.500481064438262,0.2807545659140107
166,167,1.2391364343482394,0.18840165963174904,1.41252019476034,0.23732369186491198
167,168,0.44013752705726006,0.03163029065818179,3.9185359307814185,0.21818965417946679
168,169,1.1544382798773967,0.1621710676398287,0.9121610727637943,0.12925473853798408
169,170,1.0551697838702694,0.16779475718140446,4.157988008853376,0.562453178314458
170,171,1.2444102857163983,0.14349708147836893,4.192616989806979,0.4370667775436061
171,172,1.542209841725132,0.16420044543439616,3.810387404144805,0.3630916961712476
172,173,1.1945653308683504,0.2319148584627495,4.8658239215697705,0.778507104636553
173,174,1.9661157904486615,0.3533248936157882,3.8595143311288,0.5434099691935721
174,175,2.303240549139865,0.4163802498339919,3.173051123526321,0.29959190394168544
175,176,2.465906207049038,0.38776259634503063,3.4313129497192527,0.19523618990585234
176,177,0.03615520359470281,0.05144170097105061,3.3779825685783607,0.05958742781059101
177,178,0.2426984018895837,0.07174705406045945,3.6451747523369633,0.2351679417618282
178,179,0.8421174687315442,0.04448564130507293,6.942041897292,0.49380395606003624
179,180,3.646997483723929,0.1656086149155822,4.510825088204932,0.22068708876908794
180,181,6.442880847680605,0.39330324699059016,11.547668824282688,0.6430999433944993
181,182,2.087260009223545,0.036636231142694875,13.402453171073084,0.8104690972739106
182,183,3.014722545628935,0.3022366307779172,14.696354255319982,0.9867957924549988
183,184,1.21100401086278,0.0300639529155573,0.7964859800329975,0.02168585725226979
184,185,0.00922104316281036,0.0725292705831162,5.44936981095524,0.65963818168985
185,186,1.5376555017118037,0.057848275889847756,1.1956631058918923,0.04789133340322316
186,187,1.108289972027606,0.16409888262779404,1.5941365404344623,0.18907444621923375
187,188,1.3057508399546691,0.3076869423291875,1.7405807709434242,0.33444133096223005
188,189,1.3233012404808306,0.43698015738416096,4.69847143131522,1.188261588386922
189,190,1.0109828601575757,0.3944769026045307,4.292721199708943,1.1991419606771174
190,191,0.7369532145468369,0.22025293182651318,3.7002129328257247,0.7833657614841378
191,192,0.4052549005361783,0.26531148751599076,3.7323297526058425,1.168240584358358
192,193,0.556715614741492,0.09589508231375099,4.312131647207721,0.49862666413710066
193,194,0.12908774666377099,0.11251349897591112,4.171106075016354,0.8069541946154679
194,195,0.10815186759882067,0.006229881217899802,2.024019813000848,0.14080970853370012
195,196,0.022203888537490002,0.03524408726025463,3.378939308206828,0.319329524521196
196,197,0.1606831935786346,0.014650147810636227,4.883460058536798,0.19154133393672446
197,198,0.7184763547505639,0.01756977585025865,0.8082775737473753,0.013955412972441295
198,199,0.6349062184474299,0.143318892615647,2.4825442258760972,0.07412191856602135
199,200,0.8620483802459944,0.007335957471385157,3.4276947632751558,0.3080608295082268
200,201,1.2626587965458214,0.016391528998589422,4.289403996471037,0.07866657274349897
201,202,0.5513563291795833,0.14459489946570692,3.330396813876831,0.18114297028055582
202,203,0.6199575916691149,0.008884174777099574,2.9820373657017907,0.05002443512673871
203,204,1.9233042776075422,0.09522976041471765,2.029725908290814,0.2174584089705931
204,205,2.6153560317102347,0.09316919279412872,5.178289988862417,0.17323274701618807
205,206,0.48193916789284685,0.04345687458502745,2.6336841014506263,0.14077225539803884
206,207,2.314204616008114,0.07806684578698153,1.908792165209837,0.07375554291266795
207,208,1.288237282944685,0.09606465643522277,5.643666892292046,0.47067750925556595
208,209,1.9501975256080328,0.03954843618129722,0.9154696707964547,0.016375154084169452
251,252,1.6004494456424965,0.08989727662931557,5.873810596875501,0.3966357804292695
252,253,0.39433099485083023,0.010156935148086355,6.672235835759362,0.19793711577322703
253,254,0.8766174722809694,0.028587962236885645,3.70586333051439,0.10947327432804954
254,255,1.941188033838955,0.06976616327742846,7.366555943304689,0.28063674530150706
255,256,1.400770621759051,0.04342698285549851,11.817508013539289,0.53030975001814
256,257,3.2581169218341444,0.10639512805001594,11.065213521902649,0.3897669668271284
257,258,0.439164438897393,0.005496922013916716,7.4013420312157905,0.10546058290584703
258,259,1.3027503864205698,0.04618766659653861,9.758316414222463,0.34542507862240157
259,260,3.747478770128538,0.17793511999412903,16.08862194505855,0.7191106725762575
260,261,2.417939890794287,0.08739164225491969,1.1844079362770543,0.042371520565735565
261,262,3.0233071157801135,0.10591585441433793,7.967228197222482,0.275231045156179
262,263,3.2264373860995477,0.18453731705401566,9.960773055675418,0.5227999656931583
263,264,0.3521362267538386,0.001398351239047635,5.289475473016083,0.3479475451073455
270,271,1.9851788910537067,0.19685825749890995,3.342661687118124,0.42310545928064336
271,272,2.012014747822974,0.10192566657344315,2.5067392691035906,0.14714692106541527
272,273,0.5495461621552806,0.035697100194436615,2.7621642868506626,0.14514123355342967
273,274,2.278499067539542,0.07319233425850946,2.3096681908283756,0.05281199161714589
274,275,2.360949494975742,0.20932044844860442,2.12400639632628,0.2978342910832268
275,276,0.6692225184165608,0.11941598729302783,1.372760699280306,0.05534548627068858
276,277,1.2789914323165021,0.04577636294650489,4.24751039923504,0.14169578219501844
277,278,1.4726674198601302,0.08836281732349249,1.1277013647946603,0.13900810886320691
278,279,0.7055121664933139,0.05176820298057905,1.1684979540020741,0.004237184927126769
279,280,0.5031504737920329,0.005005472187004756,2.754434458719217,0.109371026100888
280,281,1.08043798679347,0.035600617881893726,4.805342376919214,0.12592313622866058
281,282,0.07108004774109844,0.0312075511325558,0.28225269879495585,0.07069459166796932
282,283,0.027104223992189702,0.017795466867651655,0.6208818605253299,0.0694658341957144
