,resid,alphafold,cryoEM,homology
92,93,-1.3171977136768014,-1.3221905907884999,-1.6941738179730823
93,94,0.47746209049791233,0.5475787915871031,0.16315540111061821
94,95,-1.3302908973069627,-1.2257023414313455,-1.790444758083499
95,96,-1.3906506549439488,-1.4347795251848101,-1.3333745757310567
96,97,0.864417312644365,0.8202568561696122,1.1508986161837313
97,98,2.1363132358598804,2.15966733667368,2.0353385838668103
98,99,-2.864513586004419,-2.938724231497517,-2.92306269784177
99,100,-0.6581852470723071,-0.7696141940682981,-0.15521602305489068
100,101,2.402710931898598,2.3644565462498637,2.7708684988144574
101,102,1.593766497524058,1.5992054554568584,1.2961534426521242
102,103,-4.393313347309821,-4.420421454291878,-4.322425458949818
103,104,-3.9484865702524434,-3.9482919846217186,-3.8553092166237573
104,105,0.671271014420654,0.5741666910978935,1.306498140543436
105,106,0.41495670708249843,0.46480301641361343,0.16359821340773628
106,107,-0.35374152584183527,-0.40966879038014703,-0.08254980221892438
107,108,-3.073409103190629,-3.085961688727311,-2.9144361258849134
108,109,0.4490621193381852,0.4184413686936175,0.711621480785606
166,167,3.9180132727905086,3.7535062679251645,4.306926211040281
167,168,6.94965745842042,6.935993739149762,7.107093158778525
168,169,0.6274973870917098,0.4850022695495202,0.9311772917174075
169,170,7.66082975207968,7.509294332357623,8.403476145596452
170,171,1.3097205404447507,1.187329583891973,1.9045394389378245
171,172,5.018069191391584,4.859419829757508,5.608361318549715
172,173,4.4318361151790455,4.184385682965409,5.6366185677959795
173,174,1.8805265089925314,1.5525545034401809,2.9263741269225143
174,175,1.695390433246537,1.3099174009012167,2.5683525597954304
175,176,4.118855927924326,3.7519369211372195,4.816657336865473
176,177,3.2588592027804006,3.2046217620177604,3.290820826262684
177,178,2.2896513100653877,2.3048298049774285,2.539701249620623
178,179,-1.2358910892662767,-1.2652066326804103,-0.6737287189081815
179,180,1.4529065754496902,1.6040685755277462,0.9349779798711237
180,181,-1.1138595733203465,-1.3802003855729712,0.12712742710441693
181,182,-0.8021484833810977,-1.2601745564632587,0.196423462802235
182,183,1.5042948888509478,0.9235363309617628,3.3120489743048234
183,184,-2.3756291261914617,-2.4946914780480123,-1.9988229470154
184,185,-0.33412210012002497,-0.4732965622262011,0.6780673048323029
185,186,2.8848350520014243,2.8523057294336525,2.855961800897914
186,187,0.18604360665107045,0.0612711120169962,0.47011446506915
187,188,-0.775420718616898,-1.048269437600279,-0.09749568760877558
188,189,3.048749096936012,2.657868150741054,4.746665327988071
189,190,7.003289247101817,6.651484562790179,8.649799161873
190,191,9.458877335048093,9.312621755617032,10.263038044783887
191,192,3.820883987066672,3.6573847156838912,5.033055296640496
192,193,-0.10679849494167293,-0.13393246223551714,0.3023619236231436
193,194,0.6676002566995773,0.6274948287821402,1.3724604226445845
194,195,1.2920246775412974,1.3244521039355543,1.2865556421220496
195,196,5.081712917897052,5.119739387287858,5.104810271411236
196,197,-0.7993170143216624,-0.806981446052788,-0.6130775473930079
197,198,-0.9305374180284964,-0.886545791118964,-1.056064424155137
198,199,4.539896869775737,4.377553943162614,4.697280418771527
199,200,0.6415801470505187,0.627492713762873,0.9333374740187548
200,201,-3.30807073698171,-3.2512551903773836,-3.3623393195686937
201,202,0.3853320458107028,0.2913293384645037,0.3574699081024608
202,203,5.104166387471507,5.031873609563696,5.234671719868322
203,204,-1.4296134756757475,-1.347003063859768,-1.4323912935914045
204,205,-2.0100348801548833,-1.9294238380552535,-2.2969460361098744
205,206,2.117111169274672,2.083835340556126,2.0519550321853295
206,207,5.1538578405000575,5.080267805338551,5.357353547648197
207,208,1.7379564206183176,1.6783037256525155,2.1736994834910206
208,209,-0.5392249346008633,-0.5135459563412077,-0.5927200886834783
251,252,-4.0417710206781905,-4.090435658134776,-3.6557205109095428
252,253,4.9218796144106385,4.926106109251913,4.733037405364284
253,254,-1.2347525613342736,-1.2151398942654588,-1.1742278167432119
254,255,-2.1366582663324962,-2.169300936292389,-1.8506020547429696
255,256,1.1315419149498016,1.1050837274568792,1.5061157612781741
256,257,-2.167193568808729,-2.211001953000517,-1.8144860397773694
257,258,-1.6612352464185616,-1.652426920551111,-1.578576875248702
258,259,-3.7552620165773867,-3.735345252307674,-3.4353129250330268
259,260,-0.6647372510986589,-0.7392234135280837,-0.03812259259956985
260,261,-0.7172413825298207,-0.7832161047367503,-0.5591856993037343
261,262,-2.9468605419140967,-3.001038291513348,-2.618967593626097
262,263,-3.5065108183279943,-3.619577695405317,-2.8531082769769256
263,264,2.945317718143695,2.8306393392870657,2.893850396538257
270,271,2.8773023103664954,3.0448379552358755,2.22737350774962
271,272,0.16579215242327372,0.2448645811125072,-0.07881440213397539
272,273,-3.1032558437201505,-3.0962938035074252,-2.9854805338996773
273,274,-4.520888955257838,-4.551269026658797,-4.422921413418383
274,275,0.8648574892136249,1.0067878086737725,0.40045089452197224
275,276,1.1777127556559694,1.273457752812261,1.021152032228441
276,277,-4.791880301410586,-4.799208928604527,-4.6116218395716135
277,278,-2.754069455270317,-2.691327859894855,-2.925953879956399
278,279,4.135955198124265,4.140016429794407,4.137192274344911
279,280,-0.4910215146817851,-0.48314536214116366,-0.39382390431879877
280,281,-5.8195619210510365,-5.802197824755858,-5.670501431546434
281,282,1.2845326183118395,1.306583907411861,1.1616660054549985
282,283,3.328699225409588,3.3342949913079387,3.230833670608316
